{
	"state_specific": {
		"AF": {
			"name": "Afghanistan",
			"description": "default",
			"color": "default",
			"hover_color": "default",
			"url": "default",
			"hide": "default",
			"inactive": "default",
			"zoomable": "default"
		},
		"AO": {
			"name": "Angola",
			"description": "default",
			"color": "default",
			"hover_color": "default",
			"url": "default",
			"hide": "default",
			"inactive": "default",
			"zoomable": "default"
		},
		"AL": {
			"name": "Albania",
			"description": "default",
			"color": "default",
			"hover_color": "default",
			"url": "default",
			"hide": "default",
			"inactive": "default",
			"zoomable": "default"
		},
		"AE": {
			"name": "United Arab Emirates",
			"description": "default",
			"color": "default",
			"hover_color": "default",
			"url": "default",
			"hide": "default",
			"inactive": "default",
			"zoomable": "default"
		},
		"AR": {
			"name": "Argentina",
			"description": "default",
			"color": "#b81a5d",
			"hover_color": "default",
			"url": "Trends-by-world-tour2/Retail-and-consumer-trends-by-World-Tour/World-Tour-Argentina",
			"hide": "default",
			"inactive": "no",
			"zoomable": "default"
		},
		"AM": {
			"name": "Armenia",
			"description": "default",
			"color": "default",
			"hover_color": "default",
			"url": "default",
			"hide": "default",
			"inactive": "default",
			"zoomable": "default"
		},
		"AU": {
			"name": "Australia",
			"description": "default",
			"color": "#b81a5d",
			"hover_color": "default",
			"url": "Trends-by-world-tour2/Retail-and-consumer-trends-by-World-Tour/World-Tour-Australia",
			"hide": "default",
			"inactive": "no",
			"zoomable": "default"
		},
		"AT": {
			"name": "Austria",
			"description": "default",
			"color": "#b81a5d",
			"hover_color": "default",
			"url": "Trends-by-world-tour2/Retail-and-consumer-trends-by-World-Tour/World-Tour-Austria",
			"hide": "default",
			"inactive": "no",
			"zoomable": "default"
		},
		"AZ": {
			"name": "Azerbaijan",
			"description": "default",
			"color": "default",
			"hover_color": "default",
			"url": "default",
			"hide": "default",
			"inactive": "default",
			"zoomable": "default"
		},
		"BI": {
			"name": "Burundi",
			"description": "default",
			"color": "default",
			"hover_color": "default",
			"url": "default",
			"hide": "default",
			"inactive": "default",
			"zoomable": "default"
		},
		"BE": {
			"name": "Belgium",
			"description": "default",
			"color": "#b81a5d",
			"hover_color": "default",
			"url": "Trends-by-world-tour2/Retail-and-consumer-trends-by-World-Tour/World-Tour-Belgium",
			"hide": "default",
			"inactive": "no",
			"zoomable": "default"
		},
		"BJ": {
			"name": "Benin",
			"description": "default",
			"color": "default",
			"hover_color": "default",
			"url": "default",
			"hide": "default",
			"inactive": "default",
			"zoomable": "default"
		},
		"BF": {
			"name": "Burkina Faso",
			"description": "default",
			"color": "default",
			"hover_color": "default",
			"url": "default",
			"hide": "default",
			"inactive": "default",
			"zoomable": "default"
		},
		"BD": {
			"name": "Bangladesh",
			"description": "default",
			"color": "default",
			"hover_color": "default",
			"url": "default",
			"hide": "default",
			"inactive": "default",
			"zoomable": "default"
		},
		"BG": {
			"name": "Bulgaria",
			"description": "default",
			"color": "default",
			"hover_color": "default",
			"url": "default",
			"hide": "default",
			"inactive": "default",
			"zoomable": "default"
		},
		"BA": {
			"name": "Bosnia and Herzegovina",
			"description": "default",
			"color": "default",
			"hover_color": "default",
			"url": "default",
			"hide": "default",
			"inactive": "default",
			"zoomable": "default"
		},
		"BY": {
			"name": "Belarus",
			"description": "default",
			"color": "default",
			"hover_color": "default",
			"url": "default",
			"hide": "default",
			"inactive": "default",
			"zoomable": "default"
		},
		"BZ": {
			"name": "Belize",
			"description": "default",
			"color": "default",
			"hover_color": "default",
			"url": "default",
			"hide": "default",
			"inactive": "default",
			"zoomable": "default"
		},
		"BO": {
			"name": "Bolivia",
			"description": "default",
			"color": "default",
			"hover_color": "default",
			"url": "default",
			"hide": "default",
			"inactive": "default",
			"zoomable": "default"
		},
		"BR": {
			"name": "Brazil",
			"description": "default",
			"color": "#b81a5d",
			"hover_color": "default",
			"url": "Trends-by-world-tour2/Retail-and-consumer-trends-by-World-Tour/World-Tour-Brazil",
			"hide": "default",
			"inactive": "no",
			"zoomable": "default"
		},
		"BN": {
			"name": "Brunei Darussalam",
			"description": "default",
			"color": "default",
			"hover_color": "default",
			"url": "default",
			"hide": "default",
			"inactive": "default",
			"zoomable": "default"
		},
		"BT": {
			"name": "Bhutan",
			"description": "default",
			"color": "default",
			"hover_color": "default",
			"url": "default",
			"hide": "default",
			"inactive": "default",
			"zoomable": "default"
		},
		"BW": {
			"name": "Botswana",
			"description": "default",
			"color": "default",
			"hover_color": "default",
			"url": "default",
			"hide": "default",
			"inactive": "default",
			"zoomable": "default"
		},
		"CF": {
			"name": "Central African Republic",
			"description": "default",
			"color": "default",
			"hover_color": "default",
			"url": "default",
			"hide": "default",
			"inactive": "default",
			"zoomable": "default"
		},
		"CA": {
			"name": "Canada",
			"description": "default",
			"color": "#b81a5d",
			"hover_color": "default",
			"url": "Trends-by-world-tour2/Retail-and-consumer-trends-by-World-Tour/World-Tour-Canada",
			"hide": "default",
			"inactive": "no",
			"zoomable": "default"
		},
		"CH": {
			"name": "Switzerland",
			"description": "default",
			"color": "rgba(255, 255, 255, 0.5)",
			"hover_color": "default",
			"url": "default",
			"hide": "default",
			"inactive": "default",
			"zoomable": "default"
		},
		"CL": {
			"name": "Chile",
			"description": "default",
			"color": "default",
			"hover_color": "default",
			"url": "default",
			"hide": "default",
			"inactive": "default",
			"zoomable": "default"
		},
		"CN": {
			"name": "China",
			"description": "default",
			"color": "#b81a5d",
			"hover_color": "default",
			"url": "Trends-by-world-tour2/Retail-and-consumer-trends-by-World-Tour/World-Tour-China",
			"hide": "default",
			"inactive": "no",
			"zoomable": "default"
		},
		"CI": {
			"name": "Côte d\"Ivoire",
			"description": "default",
			"color": "default",
			"hover_color": "default",
			"url": "default",
			"hide": "default",
			"inactive": "default",
			"zoomable": "default"
		},
		"CM": {
			"name": "Cameroon",
			"description": "default",
			"color": "default",
			"hover_color": "default",
			"url": "default",
			"hide": "default",
			"inactive": "default",
			"zoomable": "default"
		},
		"CD": {
			"name": "Democratic Republic of the Congo",
			"description": "default",
			"color": "default",
			"hover_color": "default",
			"url": "default",
			"hide": "default",
			"inactive": "default",
			"zoomable": "default"
		},
		"CG": {
			"name": "Republic of Congo",
			"description": "default",
			"color": "default",
			"hover_color": "default",
			"url": "default",
			"hide": "default",
			"inactive": "default",
			"zoomable": "default"
		},
		"CO": {
			"name": "Colombia",
			"description": "default",
			"color": "default",
			"hover_color": "default",
			"url": "default",
			"hide": "default",
			"inactive": "default",
			"zoomable": "default"
		},
		"CR": {
			"name": "Costa Rica",
			"description": "default",
			"color": "default",
			"hover_color": "default",
			"url": "default",
			"hide": "default",
			"inactive": "default",
			"zoomable": "default"
		},
		"CU": {
			"name": "Cuba",
			"description": "default",
			"color": "default",
			"hover_color": "default",
			"url": "default",
			"hide": "default",
			"inactive": "default",
			"zoomable": "default"
		},
		"CZ": {
			"name": "Czech Republic",
			"description": "default",
			"color": "#b81a5d",
			"hover_color": "default",
			"url": "Trends-by-world-tour2/Retail-and-consumer-trends-by-World-Tour/World-Tour-Czech-Republic",
			"hide": "default",
			"inactive": "no",
			"zoomable": "default"
		},
		"DE": {
			"name": "Germany",
			"description": "default",
			"color": "#b81a5d",
			"hover_color": "default",
			"url": "Trends-by-world-tour2/Retail-and-consumer-trends-by-World-Tour/World-Tour-Germany",
			"hide": "default",
			"inactive": "no",
			"zoomable": "default"
		},
		"DJ": {
			"name": "Djibouti",
			"description": "default",
			"color": "default",
			"hover_color": "default",
			"url": "default",
			"hide": "default",
			"inactive": "default",
			"zoomable": "default"
		},
		"DK": {
			"name": "Denmark",
			"description": "default",
			"color": "default",
			"hover_color": "default",
			"url": "default",
			"hide": "default",
			"inactive": "default",
			"zoomable": "default"
		},
		"DO": {
			"name": "Dominican Republic",
			"description": "default",
			"color": "default",
			"hover_color": "default",
			"url": "default",
			"hide": "default",
			"inactive": "default",
			"zoomable": "default"
		},
		"DZ": {
			"name": "Algeria",
			"description": "default",
			"color": "default",
			"hover_color": "default",
			"url": "default",
			"hide": "default",
			"inactive": "default",
			"zoomable": "default"
		},
		"EC": {
			"name": "Ecuador",
			"description": "default",
			"color": "default",
			"hover_color": "default",
			"url": "default",
			"hide": "default",
			"inactive": "default",
			"zoomable": "default"
		},
		"EG": {
			"name": "Egypt",
			"description": "default",
			"color": "default",
			"hover_color": "default",
			"url": "default",
			"hide": "default",
			"inactive": "default",
			"zoomable": "default"
		},
		"ER": {
			"name": "Eritrea",
			"description": "default",
			"color": "default",
			"hover_color": "default",
			"url": "default",
			"hide": "default",
			"inactive": "default",
			"zoomable": "default"
		},
		"EE": {
			"name": "Estonia",
			"description": "default",
			"color": "default",
			"hover_color": "default",
			"url": "default",
			"hide": "default",
			"inactive": "default",
			"zoomable": "default"
		},
		"ET": {
			"name": "Ethiopia",
			"description": "default",
			"color": "default",
			"hover_color": "default",
			"url": "default",
			"hide": "default",
			"inactive": "default",
			"zoomable": "default"
		},
		"FI": {
			"name": "Finland",
			"description": "default",
			"color": "default",
			"hover_color": "default",
			"url": "default",
			"hide": "default",
			"inactive": "default",
			"zoomable": "default"
		},
		"FJ": {
			"name": "Fiji",
			"description": "default",
			"color": "default",
			"hover_color": "default",
			"url": "default",
			"hide": "default",
			"inactive": "default",
			"zoomable": "default"
		},
		"GA": {
			"name": "Gabon",
			"description": "default",
			"color": "default",
			"hover_color": "default",
			"url": "default",
			"hide": "default",
			"inactive": "default",
			"zoomable": "default"
		},
		"GB": {
			"name": "United Kingdom",
			"description": "default",
			"color": "#b81a5d",
			"hover_color": "default",
			"url": "Trends-by-world-tour2/Retail-and-consumer-trends-by-World-Tour/World-Tour-United-Kingdom",
			"hide": "default",
			"inactive": "no",
			"zoomable": "default"
		},
		"GE": {
			"name": "Georgia",
			"description": "default",
			"color": "default",
			"hover_color": "default",
			"url": "default",
			"hide": "default",
			"inactive": "default",
			"zoomable": "default"
		},
		"GH": {
			"name": "Ghana",
			"description": "default",
			"color": "default",
			"hover_color": "default",
			"url": "default",
			"hide": "default",
			"inactive": "default",
			"zoomable": "default"
		},
		"GN": {
			"name": "Guinea",
			"description": "default",
			"color": "default",
			"hover_color": "default",
			"url": "default",
			"hide": "default",
			"inactive": "default",
			"zoomable": "default"
		},
		"GM": {
			"name": "The Gambia",
			"description": "default",
			"color": "default",
			"hover_color": "default",
			"url": "default",
			"hide": "default",
			"inactive": "default",
			"zoomable": "default"
		},
		"GW": {
			"name": "Guinea-Bissau",
			"description": "default",
			"color": "default",
			"hover_color": "default",
			"url": "default",
			"hide": "default",
			"inactive": "default",
			"zoomable": "default"
		},
		"GQ": {
			"name": "Equatorial Guinea",
			"description": "default",
			"color": "default",
			"hover_color": "default",
			"url": "default",
			"hide": "default",
			"inactive": "default",
			"zoomable": "default"
		},
		"GR": {
			"name": "Greece",
			"description": "default",
			"color": "#b81a5d",
			"hover_color": "default",
			"url": "Trends-by-world-tour2/Retail-and-consumer-trends-by-World-Tour/World-Tour-Greece",
			"hide": "default",
			"inactive": "no",
			"zoomable": "default"
		},
		"GL": {
			"name": "Greenland",
			"description": "default",
			"color": "default",
			"hover_color": "default",
			"url": "default",
			"hide": "default",
			"inactive": "default",
			"zoomable": "default"
		},
		"GT": {
			"name": "Guatemala",
			"description": "default",
			"color": "default",
			"hover_color": "default",
			"url": "default",
			"hide": "default",
			"inactive": "default",
			"zoomable": "default"
		},
		"GY": {
			"name": "Guyana",
			"description": "default",
			"color": "default",
			"hover_color": "default",
			"url": "default",
			"hide": "default",
			"inactive": "default",
			"zoomable": "default"
		},
		"HN": {
			"name": "Honduras",
			"description": "default",
			"color": "default",
			"hover_color": "default",
			"url": "default",
			"hide": "default",
			"inactive": "default",
			"zoomable": "default"
		},
		"HR": {
			"name": "Croatia",
			"description": "default",
			"color": "default",
			"hover_color": "default",
			"url": "default",
			"hide": "default",
			"inactive": "default",
			"zoomable": "default"
		},
		"HT": {
			"name": "Haiti",
			"description": "default",
			"color": "default",
			"hover_color": "default",
			"url": "default",
			"hide": "default",
			"inactive": "default",
			"zoomable": "default"
		},
		"HU": {
			"name": "Hungary",
			"description": "default",
			"color": "#b81a5d",
			"hover_color": "default",
			"url": "Trends-by-world-tour2/Retail-and-consumer-trends-by-World-Tour/World-Tour-Hungary",
			"hide": "default",
			"inactive": "no",
			"zoomable": "default"
		},
		"ID": {
			"name": "Indonesia",
			"description": "default",
			"color": "default",
			"hover_color": "default",
			"url": "default",
			"hide": "default",
			"inactive": "default",
			"zoomable": "default"
		},
		"IN": {
			"name": "India",
			"description": "default",
			"color": "#b81a5d",
			"hover_color": "default",
			"url": "Trends-by-world-tour2/Retail-and-consumer-trends-by-World-Tour/World-Tour-India",
			"hide": "default",
			"inactive": "no",
			"zoomable": "default"
		},
		"IE": {
			"name": "Ireland",
			"description": "default",
			"color": "#b81a5d",
			"hover_color": "default",
			"url": "Trends-by-world-tour2/Retail-and-consumer-trends-by-World-Tour/World-Tour-Ireland",
			"hide": "default",
			"inactive": "no",
			"zoomable": "default"
		},
		"IR": {
			"name": "Iran",
			"description": "default",
			"color": "default",
			"hover_color": "default",
			"url": "default",
			"hide": "default",
			"inactive": "default",
			"zoomable": "default"
		},
		"IQ": {
			"name": "Iraq",
			"description": "default",
			"color": "default",
			"hover_color": "default",
			"url": "default",
			"hide": "default",
			"inactive": "default",
			"zoomable": "default"
		},
		"IS": {
			"name": "Iceland",
			"description": "default",
			"color": "default",
			"hover_color": "default",
			"url": "default",
			"hide": "default",
			"inactive": "default",
			"zoomable": "default"
		},
		"IL": {
			"name": "Israel",
			"description": "default",
			"color": "#b81a5d",
			"hover_color": "default",
			"url": "Trends-by-world-tour2/Retail-and-consumer-trends-by-World-Tour/World-Tour-Israel",
			"hide": "default",
			"inactive": "no",
			"zoomable": "default"
		},
		"IT": {
			"name": "Italy",
			"description": "default",
			"color": "#b81a5d",
			"hover_color": "default",
			"url": "Trends-by-world-tour2/Retail-and-consumer-trends-by-World-Tour/World-Tour-Italy",
			"hide": "default",
			"inactive": "no",
			"zoomable": "default"
		},
		"JM": {
			"name": "Jamaica",
			"description": "default",
			"color": "default",
			"hover_color": "default",
			"url": "default",
			"hide": "default",
			"inactive": "default",
			"zoomable": "default"
		},
		"JO": {
			"name": "Jordan",
			"description": "default",
			"color": "default",
			"hover_color": "default",
			"url": "default",
			"hide": "default",
			"inactive": "default",
			"zoomable": "default"
		},
		"JP": {
			"name": "Japan",
			"description": "default",
			"color": "#b81a5d",
			"hover_color": "default",
			"url": "Trends-by-world-tour2/Retail-and-consumer-trends-by-World-Tour/World-Tour-Japan",
			"hide": "default",
			"inactive": "no",
			"zoomable": "default"
		},
		"KZ": {
			"name": "Kazakhstan",
			"description": "default",
			"color": "default",
			"hover_color": "default",
			"url": "default",
			"hide": "default",
			"inactive": "default",
			"zoomable": "default"
		},
		"KE": {
			"name": "Kenya",
			"description": "default",
			"color": "default",
			"hover_color": "default",
			"url": "default",
			"hide": "default",
			"inactive": "default",
			"zoomable": "default"
		},
		"KG": {
			"name": "Kyrgyzstan",
			"description": "default",
			"color": "default",
			"hover_color": "default",
			"url": "default",
			"hide": "default",
			"inactive": "default",
			"zoomable": "default"
		},
		"KH": {
			"name": "Cambodia",
			"description": "default",
			"color": "default",
			"hover_color": "default",
			"url": "default",
			"hide": "default",
			"inactive": "default",
			"zoomable": "default"
		},
		"KR": {
			"name": "Republic of Korea",
			"description": "default",
			"color": "default",
			"hover_color": "default",
			"url": "default",
			"hide": "default",
			"inactive": "default",
			"zoomable": "default"
		},
		"XK": {
			"name": "Kosovo",
			"description": "default",
			"color": "default",
			"hover_color": "default",
			"url": "default",
			"hide": "default",
			"inactive": "default",
			"zoomable": "default"
		},
		"KW": {
			"name": "Kuwait",
			"description": "default",
			"color": "default",
			"hover_color": "default",
			"url": "default",
			"hide": "default",
			"inactive": "default",
			"zoomable": "default"
		},
		"LA": {
			"name": "Lao PDR",
			"description": "default",
			"color": "default",
			"hover_color": "default",
			"url": "default",
			"hide": "default",
			"inactive": "default",
			"zoomable": "default"
		},
		"LB": {
			"name": "Lebanon",
			"description": "default",
			"color": "default",
			"hover_color": "default",
			"url": "default",
			"hide": "default",
			"inactive": "default",
			"zoomable": "default"
		},
		"LR": {
			"name": "Liberia",
			"description": "default",
			"color": "default",
			"hover_color": "default",
			"url": "default",
			"hide": "default",
			"inactive": "default",
			"zoomable": "default"
		},
		"LY": {
			"name": "Libya",
			"description": "default",
			"color": "default",
			"hover_color": "default",
			"url": "default",
			"hide": "default",
			"inactive": "default",
			"zoomable": "default"
		},
		"LK": {
			"name": "Sri Lanka",
			"description": "default",
			"color": "default",
			"hover_color": "default",
			"url": "default",
			"hide": "default",
			"inactive": "default",
			"zoomable": "default"
		},
		"LS": {
			"name": "Lesotho",
			"description": "default",
			"color": "default",
			"hover_color": "default",
			"url": "default",
			"hide": "default",
			"inactive": "default",
			"zoomable": "default"
		},
		"LT": {
			"name": "Lithuania",
			"description": "default",
			"color": "default",
			"hover_color": "default",
			"url": "default",
			"hide": "default",
			"inactive": "default",
			"zoomable": "default"
		},
		"LU": {
			"name": "Luxembourg",
			"description": "default",
			"color": "default",
			"hover_color": "default",
			"url": "default",
			"hide": "default",
			"inactive": "default",
			"zoomable": "default"
		},
		"LV": {
			"name": "Latvia",
			"description": "default",
			"color": "default",
			"hover_color": "default",
			"url": "default",
			"hide": "default",
			"inactive": "default",
			"zoomable": "default"
		},
		"MA": {
			"name": "Morocco",
			"description": "default",
			"color": "default",
			"hover_color": "default",
			"url": "default",
			"hide": "default",
			"inactive": "default",
			"zoomable": "default"
		},
		"MD": {
			"name": "Moldova",
			"description": "default",
			"color": "default",
			"hover_color": "default",
			"url": "default",
			"hide": "default",
			"inactive": "default",
			"zoomable": "default"
		},
		"MG": {
			"name": "Madagascar",
			"description": "default",
			"color": "default",
			"hover_color": "default",
			"url": "default",
			"hide": "default",
			"inactive": "default",
			"zoomable": "default"
		},
		"MX": {
			"name": "Mexico",
			"description": "default",
			"color": "default",
			"hover_color": "default",
			"url": "default",
			"hide": "default",
			"inactive": "default",
			"zoomable": "default"
		},
		"MK": {
			"name": "Macedonia",
			"description": "default",
			"color": "default",
			"hover_color": "default",
			"url": "default",
			"hide": "default",
			"inactive": "default",
			"zoomable": "default"
		},
		"ML": {
			"name": "Mali",
			"description": "default",
			"color": "default",
			"hover_color": "default",
			"url": "default",
			"hide": "default",
			"inactive": "default",
			"zoomable": "default"
		},
		"MM": {
			"name": "Myanmar",
			"description": "default",
			"color": "default",
			"hover_color": "default",
			"url": "default",
			"hide": "default",
			"inactive": "default",
			"zoomable": "default"
		},
		"ME": {
			"name": "Montenegro",
			"description": "default",
			"color": "default",
			"hover_color": "default",
			"url": "default",
			"hide": "default",
			"inactive": "default",
			"zoomable": "default"
		},
		"MN": {
			"name": "Mongolia",
			"description": "default",
			"color": "default",
			"hover_color": "default",
			"url": "default",
			"hide": "default",
			"inactive": "default",
			"zoomable": "default"
		},
		"MZ": {
			"name": "Mozambique",
			"description": "default",
			"color": "default",
			"hover_color": "default",
			"url": "default",
			"hide": "default",
			"inactive": "default",
			"zoomable": "default"
		},
		"MR": {
			"name": "Mauritania",
			"description": "default",
			"color": "default",
			"hover_color": "default",
			"url": "default",
			"hide": "default",
			"inactive": "default",
			"zoomable": "default"
		},
		"MW": {
			"name": "Malawi",
			"description": "default",
			"color": "default",
			"hover_color": "default",
			"url": "default",
			"hide": "default",
			"inactive": "default",
			"zoomable": "default"
		},
		"MY": {
			"name": "Malaysia",
			"description": "default",
			"color": "default",
			"hover_color": "default",
			"url": "default",
			"hide": "default",
			"inactive": "default",
			"zoomable": "default"
		},
		"NA": {
			"name": "Namibia",
			"description": "default",
			"color": "default",
			"hover_color": "default",
			"url": "default",
			"hide": "default",
			"inactive": "default",
			"zoomable": "default"
		},
		"NE": {
			"name": "Niger",
			"description": "default",
			"color": "default",
			"hover_color": "default",
			"url": "default",
			"hide": "default",
			"inactive": "default",
			"zoomable": "default"
		},
		"NG": {
			"name": "Nigeria",
			"description": "default",
			"color": "default",
			"hover_color": "default",
			"url": "default",
			"hide": "default",
			"inactive": "default",
			"zoomable": "default"
		},
		"NI": {
			"name": "Nicaragua",
			"description": "default",
			"color": "default",
			"hover_color": "default",
			"url": "default",
			"hide": "default",
			"inactive": "default",
			"zoomable": "default"
		},
		"NL": {
			"name": "Netherlands",
			"description": "default",
			"color": "#b81a5d",
			"hover_color": "default",
			"url": "Trends-by-world-tour2/Retail-and-consumer-trends-by-World-Tour/World-Tour-The-Netherlands",
			"hide": "default",
			"inactive": "no",
			"zoomable": "default"
		},
		"NO": {
			"name": "Norway",
			"description": "default",
			"color": "#b81a5d",
			"hover_color": "default",
			"url": "Trends-by-world-tour2/Retail-and-consumer-trends-by-World-Tour/World-Tour-Norway",
			"hide": "default",
			"inactive": "no",
			"zoomable": "default"
		},
		"NP": {
			"name": "Nepal",
			"description": "default",
			"color": "default",
			"hover_color": "default",
			"url": "default",
			"hide": "default",
			"inactive": "default",
			"zoomable": "default"
		},
		"NZ": {
			"name": "New Zealand",
			"description": "default",
			"color": "#b81a5d",
			"hover_color": "default",
			"url": "Trends-by-world-tour2/Retail-and-consumer-trends-by-World-Tour/World-Tour-New-Zealand",
			"hide": "default",
			"inactive": "no",
			"zoomable": "default"
		},
		"OM": {
			"name": "Oman",
			"description": "default",
			"color": "default",
			"hover_color": "default",
			"url": "default",
			"hide": "default",
			"inactive": "default",
			"zoomable": "default"
		},
		"PK": {
			"name": "Pakistan",
			"description": "default",
			"color": "default",
			"hover_color": "default",
			"url": "default",
			"hide": "default",
			"inactive": "default",
			"zoomable": "default"
		},
		"PA": {
			"name": "Panama",
			"description": "default",
			"color": "default",
			"hover_color": "default",
			"url": "default",
			"hide": "default",
			"inactive": "default",
			"zoomable": "default"
		},
		"PE": {
			"name": "Peru",
			"description": "default",
			"color": "default",
			"hover_color": "default",
			"url": "default",
			"hide": "default",
			"inactive": "default",
			"zoomable": "default"
		},
		"PH": {
			"name": "Philippines",
			"description": "default",
			"color": "default",
			"hover_color": "default",
			"url": "default",
			"hide": "default",
			"inactive": "default",
			"zoomable": "default"
		},
		"PG": {
			"name": "Papua New Guinea",
			"description": "default",
			"color": "default",
			"hover_color": "default",
			"url": "default",
			"hide": "default",
			"inactive": "default",
			"zoomable": "default"
		},
		"PL": {
			"name": "Poland",
			"description": "default",
			"color": "#b81a5d",
			"hover_color": "default",
			"url": "Trends-by-world-tour2/Retail-and-consumer-trends-by-World-Tour/World-Tour-Poland",
			"hide": "default",
			"inactive": "no",
			"zoomable": "default"
		},
		"KP": {
			"name": "Dem. Rep. Korea",
			"description": "default",
			"color": "default",
			"hover_color": "default",
			"url": "default",
			"hide": "default",
			"inactive": "default",
			"zoomable": "default"
		},
		"PT": {
			"name": "Portugal",
			"description": "default",
			"color": "#b81a5d",
			"hover_color": "default",
			"url": "Trends-by-world-tour2/Retail-and-consumer-trends-by-World-Tour/World-Tour-Portugal",
			"hide": "default",
			"inactive": "no",
			"zoomable": "default"
		},
		"PY": {
			"name": "Paraguay",
			"description": "default",
			"color": "default",
			"hover_color": "default",
			"url": "default",
			"hide": "default",
			"inactive": "default",
			"zoomable": "default"
		},
		"PS": {
			"name": "Palestine",
			"description": "default",
			"color": "default",
			"hover_color": "default",
			"url": "default",
			"hide": "default",
			"inactive": "default",
			"zoomable": "default"
		},
		"QA": {
			"name": "Qatar",
			"description": "default",
			"color": "default",
			"hover_color": "default",
			"url": "default",
			"hide": "default",
			"inactive": "default",
			"zoomable": "default"
		},
		"RO": {
			"name": "Romania",
			"description": "default",
			"color": "default",
			"hover_color": "default",
			"url": "default",
			"hide": "default",
			"inactive": "default",
			"zoomable": "default"
		},
		"RU": {
			"name": "Russia",
			"description": "default",
			"color": "#b81a5d",
			"hover_color": "default",
			"url": "Trends-by-world-tour2/Retail-and-consumer-trends-by-World-Tour/World-Tour-Russia",
			"hide": "default",
			"inactive": "no",
			"zoomable": "default"
		},
		"RW": {
			"name": "Rwanda",
			"description": "default",
			"color": "default",
			"hover_color": "default",
			"url": "default",
			"hide": "default",
			"inactive": "default",
			"zoomable": "default"
		},
		"EH": {
			"name": "Western Sahara",
			"description": "default",
			"color": "default",
			"hover_color": "default",
			"url": "default",
			"hide": "default",
			"inactive": "default",
			"zoomable": "default"
		},
		"SA": {
			"name": "Saudi Arabia",
			"description": "default",
			"color": "default",
			"hover_color": "default",
			"url": "default",
			"hide": "default",
			"inactive": "default",
			"zoomable": "default"
		},
		"SD": {
			"name": "Sudan",
			"description": "default",
			"color": "default",
			"hover_color": "default",
			"url": "default",
			"hide": "default",
			"inactive": "default",
			"zoomable": "default"
		},
		"SS": {
			"name": "South Sudan",
			"description": "default",
			"color": "default",
			"hover_color": "default",
			"url": "default",
			"hide": "default",
			"inactive": "default",
			"zoomable": "default"
		},
		"SN": {
			"name": "Senegal",
			"description": "default",
			"color": "default",
			"hover_color": "default",
			"url": "default",
			"hide": "default",
			"inactive": "default",
			"zoomable": "default"
		},
		"SL": {
			"name": "Sierra Leone",
			"description": "default",
			"color": "default",
			"hover_color": "default",
			"url": "default",
			"hide": "default",
			"inactive": "default",
			"zoomable": "default"
		},
		"SV": {
			"name": "El Salvador",
			"description": "default",
			"color": "default",
			"hover_color": "default",
			"url": "default",
			"hide": "default",
			"inactive": "default",
			"zoomable": "default"
		},
		"RS": {
			"name": "Serbia",
			"description": "default",
			"color": "default",
			"hover_color": "default",
			"url": "default",
			"hide": "default",
			"inactive": "default",
			"zoomable": "default"
		},
		"SR": {
			"name": "Suriname",
			"description": "default",
			"color": "default",
			"hover_color": "default",
			"url": "default",
			"hide": "default",
			"inactive": "default",
			"zoomable": "default"
		},
		"SK": {
			"name": "Slovakia",
			"description": "default",
			"color": "default",
			"hover_color": "default",
			"url": "default",
			"hide": "default",
			"inactive": "default",
			"zoomable": "default"
		},
		"SI": {
			"name": "Slovenia",
			"description": "default",
			"color": "default",
			"hover_color": "default",
			"url": "default",
			"hide": "default",
			"inactive": "default",
			"zoomable": "default"
		},
		"SE": {
			"name": "Sweden",
			"description": "default",
			"color": "default",
			"hover_color": "default",
			"url": "default",
			"hide": "default",
			"inactive": "default",
			"zoomable": "default"
		},
		"SZ": {
			"name": "Swaziland",
			"description": "default",
			"color": "default",
			"hover_color": "default",
			"url": "default",
			"hide": "default",
			"inactive": "default",
			"zoomable": "default"
		},
		"SY": {
			"name": "Syria",
			"description": "default",
			"color": "default",
			"hover_color": "default",
			"url": "default",
			"hide": "default",
			"inactive": "default",
			"zoomable": "default"
		},
		"TD": {
			"name": "Chad",
			"description": "default",
			"color": "default",
			"hover_color": "default",
			"url": "default",
			"hide": "default",
			"inactive": "default",
			"zoomable": "default"
		},
		"TG": {
			"name": "Togo",
			"description": "default",
			"color": "default",
			"hover_color": "default",
			"url": "default",
			"hide": "default",
			"inactive": "default",
			"zoomable": "default"
		},
		"TH": {
			"name": "Thailand",
			"description": "default",
			"color": "default",
			"hover_color": "default",
			"url": "default",
			"hide": "default",
			"inactive": "default",
			"zoomable": "default"
		},
		"TJ": {
			"name": "Tajikistan",
			"description": "default",
			"color": "default",
			"hover_color": "default",
			"url": "default",
			"hide": "default",
			"inactive": "default",
			"zoomable": "default"
		},
		"TM": {
			"name": "Turkmenistan",
			"description": "default",
			"color": "default",
			"hover_color": "default",
			"url": "default",
			"hide": "default",
			"inactive": "default",
			"zoomable": "default"
		},
		"TL": {
			"name": "Timor-Leste",
			"description": "default",
			"color": "default",
			"hover_color": "default",
			"url": "default",
			"hide": "default",
			"inactive": "default",
			"zoomable": "default"
		},
		"TN": {
			"name": "Tunisia",
			"description": "default",
			"color": "default",
			"hover_color": "default",
			"url": "default",
			"hide": "default",
			"inactive": "default",
			"zoomable": "default"
		},
		"TR": {
			"name": "Turkey",
			"description": "default",
			"color": "#b81a5d",
			"hover_color": "default",
			"url": "Trends-by-world-tour2/Retail-and-consumer-trends-by-World-Tour/World-Tour-Turkey",
			"hide": "default",
			"inactive": "no",
			"zoomable": "default"
		},
		"TW": {
			"name": "Taiwan",
			"description": "default",
			"color": "default",
			"hover_color": "default",
			"url": "default",
			"hide": "default",
			"inactive": "default",
			"zoomable": "default"
		},
		"TZ": {
			"name": "Tanzania",
			"description": "default",
			"color": "default",
			"hover_color": "default",
			"url": "default",
			"hide": "default",
			"inactive": "default",
			"zoomable": "default"
		},
		"UG": {
			"name": "Uganda",
			"description": "default",
			"color": "default",
			"hover_color": "default",
			"url": "default",
			"hide": "default",
			"inactive": "default",
			"zoomable": "default"
		},
		"UA": {
			"name": "Ukraine",
			"description": "default",
			"color": "default",
			"hover_color": "default",
			"url": "default",
			"hide": "default",
			"inactive": "default",
			"zoomable": "default"
		},
		"UY": {
			"name": "Uruguay",
			"description": "default",
			"color": "default",
			"hover_color": "default",
			"url": "default",
			"hide": "default",
			"inactive": "default",
			"zoomable": "default"
		},
		"US": {
			"name": "United States",
			"description": "default",
			"color": "#b81a5d",
			"hover_color": "default",
			"url": "Trends-by-world-tour2/Retail-and-consumer-trends-by-World-Tour/World-Tour-USA",
			"hide": "default",
			"inactive": "no",
			"zoomable": "default"
		},
		"UZ": {
			"name": "Uzbekistan",
			"description": "default",
			"color": "default",
			"hover_color": "default",
			"url": "default",
			"hide": "default",
			"inactive": "default",
			"zoomable": "default"
		},
		"VE": {
			"name": "Venezuela",
			"description": "default",
			"color": "default",
			"hover_color": "default",
			"url": "default",
			"hide": "default",
			"inactive": "default",
			"zoomable": "default"
		},
		"VN": {
			"name": "Vietnam",
			"description": "default",
			"color": "default",
			"hover_color": "default",
			"url": "default",
			"hide": "default",
			"inactive": "default",
			"zoomable": "default"
		},
		"VU": {
			"name": "Vanuatu",
			"description": "default",
			"color": "default",
			"hover_color": "default",
			"url": "default",
			"hide": "default",
			"inactive": "default",
			"zoomable": "default"
		},
		"YE": {
			"name": "Yemen",
			"description": "default",
			"color": "default",
			"hover_color": "default",
			"url": "default",
			"hide": "default",
			"inactive": "default",
			"zoomable": "default"
		},
		"ZA": {
			"name": "South Africa",
			"description": "default",
			"color": "#b81a5d",
			"hover_color": "default",
			"url": "Trends-by-world-tour2/Retail-and-consumer-trends-by-World-Tour/World-Tour-South-Africa",
			"hide": "default",
			"inactive": "no",
			"zoomable": "default"
		},
		"ZM": {
			"name": "Zambia",
			"description": "default",
			"color": "default",
			"hover_color": "default",
			"url": "default",
			"hide": "default",
			"inactive": "default",
			"zoomable": "default"
		},
		"ZW": {
			"name": "Zimbabwe",
			"description": "default",
			"color": "default",
			"hover_color": "default",
			"url": "default",
			"hide": "default",
			"inactive": "default",
			"zoomable": "default"
		},
		"SO": {
			"name": "Somalia",
			"description": "default",
			"color": "default",
			"hover_color": "default",
			"url": "default",
			"hide": "default",
			"inactive": "default",
			"zoomable": "default"
		},
		"GF": {
			"name": "Guyanne Française",
			"description": "default",
			"color": "default",
			"hover_color": "default",
			"url": "Trends-by-world-tour2/Retail-and-consumer-trends-by-World-Tour/World-Tour-France",
			"hide": "default",
			"inactive": "default",
			"zoomable": "default"
		},
		"FR": {
			"name": "France",
			"description": "default",
			"color": "#b81a5d",
			"hover_color": "default",
			"url": "Trends-by-world-tour2/Retail-and-consumer-trends-by-World-Tour/World-Tour-France",
			"hide": "default",
			"inactive": "no",
			"zoomable": "default"
		},
		"ES": {
			"name": "Spain",
			"description": "default",
			"color": "#b81a5d",
			"hover_color": "default",
			"url": "Trends-by-world-tour2/Retail-and-consumer-trends-by-World-Tour/World-Tour-Spain",
			"hide": "default",
			"inactive": "no",
			"zoomable": "default"
		},
		"AW": {
			"name": "Aruba",
			"description": "default",
			"color": "default",
			"hover_color": "default",
			"url": "default",
			"hide": "default",
			"inactive": "default",
			"zoomable": "default"
		},
		"AI": {
			"name": "Anguilla",
			"description": "default",
			"color": "default",
			"hover_color": "default",
			"url": "default",
			"hide": "default",
			"inactive": "default",
			"zoomable": "default"
		},
		"AD": {
			"name": "Andorra",
			"description": "default",
			"color": "default",
			"hover_color": "default",
			"url": "default",
			"hide": "default",
			"inactive": "default",
			"zoomable": "default"
		},
		"AG": {
			"name": "Antigua and Barbuda",
			"description": "default",
			"color": "default",
			"hover_color": "default",
			"url": "default",
			"hide": "default",
			"inactive": "default",
			"zoomable": "default"
		},
		"BS": {
			"name": "Bahamas",
			"description": "default",
			"color": "default",
			"hover_color": "default",
			"url": "default",
			"hide": "default",
			"inactive": "default",
			"zoomable": "default"
		},
		"BM": {
			"name": "Bermuda",
			"description": "default",
			"color": "default",
			"hover_color": "default",
			"url": "default",
			"hide": "default",
			"inactive": "default",
			"zoomable": "default"
		},
		"BB": {
			"name": "Barbados",
			"description": "default",
			"color": "default",
			"hover_color": "default",
			"url": "default",
			"hide": "default",
			"inactive": "default",
			"zoomable": "default"
		},
		"KM": {
			"name": "Comoros",
			"description": "default",
			"color": "default",
			"hover_color": "default",
			"url": "default",
			"hide": "default",
			"inactive": "default",
			"zoomable": "default"
		},
		"CV": {
			"name": "Cape Verde",
			"description": "default",
			"color": "default",
			"hover_color": "default",
			"url": "default",
			"hide": "default",
			"inactive": "default",
			"zoomable": "default"
		},
		"KY": {
			"name": "Cayman Islands",
			"description": "default",
			"color": "default",
			"hover_color": "default",
			"url": "default",
			"hide": "default",
			"inactive": "default",
			"zoomable": "default"
		},
		"DM": {
			"name": "Dominica",
			"description": "default",
			"color": "default",
			"hover_color": "default",
			"url": "default",
			"hide": "default",
			"inactive": "default",
			"zoomable": "default"
		},
		"FK": {
			"name": "Falkland Islands",
			"description": "default",
			"color": "default",
			"hover_color": "default",
			"url": "default",
			"hide": "default",
			"inactive": "default",
			"zoomable": "default"
		},
		"FO": {
			"name": "Faeroe Islands",
			"description": "default",
			"color": "default",
			"hover_color": "default",
			"url": "default",
			"hide": "default",
			"inactive": "default",
			"zoomable": "default"
		},
		"GD": {
			"name": "Grenada",
			"description": "default",
			"color": "default",
			"hover_color": "default",
			"url": "default",
			"hide": "default",
			"inactive": "default",
			"zoomable": "default"
		},
		"HK": {
			"name": "Hong Kong",
			"description": "default",
			"color": "default",
			"hover_color": "default",
			"url": "default",
			"hide": "default",
			"inactive": "default",
			"zoomable": "default"
		},
		"KN": {
			"name": "Saint Kitts and Nevis",
			"description": "default",
			"color": "default",
			"hover_color": "default",
			"url": "default",
			"hide": "default",
			"inactive": "default",
			"zoomable": "default"
		},
		"LC": {
			"name": "Saint Lucia",
			"description": "default",
			"color": "default",
			"hover_color": "default",
			"url": "default",
			"hide": "default",
			"inactive": "default",
			"zoomable": "default"
		},
		"LI": {
			"name": "Liechtenstein",
			"description": "default",
			"color": "default",
			"hover_color": "default",
			"url": "default",
			"hide": "default",
			"inactive": "default",
			"zoomable": "default"
		},
		"MF": {
			"name": "Saint Martin (French)",
			"description": "default",
			"color": "default",
			"hover_color": "default",
			"url": "default",
			"hide": "default",
			"inactive": "default",
			"zoomable": "default"
		},
		"MV": {
			"name": "Maldives",
			"description": "default",
			"color": "default",
			"hover_color": "default",
			"url": "default",
			"hide": "default",
			"inactive": "default",
			"zoomable": "default"
		},
		"MT": {
			"name": "Malta",
			"description": "default",
			"color": "default",
			"hover_color": "default",
			"url": "default",
			"hide": "default",
			"inactive": "default",
			"zoomable": "default"
		},
		"MS": {
			"name": "Montserrat",
			"description": "default",
			"color": "default",
			"hover_color": "default",
			"url": "default",
			"hide": "default",
			"inactive": "default",
			"zoomable": "default"
		},
		"MU": {
			"name": "Mauritius",
			"description": "default",
			"color": "default",
			"hover_color": "default",
			"url": "default",
			"hide": "default",
			"inactive": "default",
			"zoomable": "default"
		},
		"NC": {
			"name": "New Caledonia",
			"description": "default",
			"color": "default",
			"hover_color": "default",
			"url": "default",
			"hide": "default",
			"inactive": "default",
			"zoomable": "default"
		},
		"NR": {
			"name": "Nauru",
			"description": "default",
			"color": "default",
			"hover_color": "default",
			"url": "default",
			"hide": "default",
			"inactive": "default",
			"zoomable": "default"
		},
		"PN": {
			"name": "Pitcairn Islands",
			"description": "default",
			"color": "default",
			"hover_color": "default",
			"url": "default",
			"hide": "default",
			"inactive": "default",
			"zoomable": "default"
		},
		"PR": {
			"name": "Puerto Rico",
			"description": "default",
			"color": "default",
			"hover_color": "default",
			"url": "default",
			"hide": "default",
			"inactive": "default",
			"zoomable": "default"
		},
		"PF": {
			"name": "French Polynesia",
			"description": "default",
			"color": "default",
			"hover_color": "default",
			"url": "default",
			"hide": "default",
			"inactive": "default",
			"zoomable": "default"
		},
		"SG": {
			"name": "Singapore",
			"description": "default",
			"color": "default",
			"hover_color": "default",
			"url": "default",
			"hide": "default",
			"inactive": "default",
			"zoomable": "default"
		},
		"SB": {
			"name": "Solomon Islands",
			"description": "default",
			"color": "default",
			"hover_color": "default",
			"url": "default",
			"hide": "default",
			"inactive": "default",
			"zoomable": "default"
		},
		"ST": {
			"name": "São Tomé and Principe",
			"description": "default",
			"color": "default",
			"hover_color": "default",
			"url": "default",
			"hide": "default",
			"inactive": "default",
			"zoomable": "default"
		},
		"SX": {
			"name": "Saint Martin (Dutch)",
			"description": "default",
			"color": "default",
			"hover_color": "default",
			"url": "default",
			"hide": "default",
			"inactive": "default",
			"zoomable": "default"
		},
		"SC": {
			"name": "Seychelles",
			"description": "default",
			"color": "default",
			"hover_color": "default",
			"url": "default",
			"hide": "default",
			"inactive": "default",
			"zoomable": "default"
		},
		"TC": {
			"name": "Turks and Caicos Islands",
			"description": "default",
			"color": "default",
			"hover_color": "default",
			"url": "default",
			"hide": "default",
			"inactive": "default",
			"zoomable": "default"
		},
		"TO": {
			"name": "Tonga",
			"description": "default",
			"color": "default",
			"hover_color": "default",
			"url": "default",
			"hide": "default",
			"inactive": "default",
			"zoomable": "default"
		},
		"TT": {
			"name": "Trinidad and Tobago",
			"description": "default",
			"color": "default",
			"hover_color": "default",
			"url": "default",
			"hide": "default",
			"inactive": "default",
			"zoomable": "default"
		},
		"VC": {
			"name": "Saint Vincent and the Grenadines",
			"description": "default",
			"color": "default",
			"hover_color": "default",
			"url": "default",
			"hide": "default",
			"inactive": "default",
			"zoomable": "default"
		},
		"VG": {
			"name": "British Virgin Islands",
			"description": "default",
			"color": "default",
			"hover_color": "default",
			"url": "default",
			"hide": "default",
			"inactive": "default",
			"zoomable": "default"
		},
		"VI": {
			"name": "United States Virgin Islands",
			"description": "default",
			"color": "default",
			"hover_color": "default",
			"url": "default",
			"hide": "default",
			"inactive": "default",
			"zoomable": "default"
		},
		"CY": {
			"name": "Cyprus",
			"description": "default",
			"color": "default",
			"hover_color": "default",
			"url": "default",
			"hide": "default",
			"inactive": "default",
			"zoomable": "default"
		},
		"RE": {
			"name": "Reunion (France)",
			"description": "default",
			"color": "default",
			"hover_color": "default",
			"url": "default",
			"hide": "default",
			"inactive": "default",
			"zoomable": "default"
		},
		"YT": {
			"name": "Mayotte (France)",
			"description": "default",
			"color": "default",
			"hover_color": "default",
			"url": "default",
			"hide": "default",
			"inactive": "default",
			"zoomable": "default"
		},
		"MQ": {
			"name": "Martinique (France)",
			"description": "default",
			"color": "default",
			"hover_color": "default",
			"url": "default",
			"hide": "default",
			"inactive": "default",
			"zoomable": "default"
		},
		"GP": {
			"name": "Guadeloupe (France)",
			"description": "default",
			"color": "default",
			"hover_color": "default",
			"url": "default",
			"hide": "default",
			"inactive": "default",
			"zoomable": "default"
		},
		"CW": {
			"name": "Curaco (Netherlands)",
			"description": "default",
			"color": "default",
			"hover_color": "default",
			"url": "default",
			"hide": "default",
			"inactive": "default",
			"zoomable": "default"
		},
		"IC": {
			"name": "Canary Islands (Spain)",
			"description": "default",
			"color": "default",
			"hover_color": "default",
			"url": "default",
			"hide": "default",
			"inactive": "default",
			"zoomable": "default"
		}
	},
	"regions": {
		"0": {
			"name": "South America",
			"states": ["AR", "EC", "VE", "BR", "CO", "BO", "PE", "BZ", "CL", "CR", "CU", "DO", "SV", "GT", "GY", "GF", "HN", "NI", "PA", "PY", "PR", "SR", "UY", "JM", "HT", "BS", "FK", "AI", "AG", "AW", "BB", "VG", "KY", "DM", "MQ", "LC", "VC", "GD", "GP", "MS", "TC", "SX", "MF", "KN", "CW"]
		},
    "1": {
      "name": "North America",
      "states": ["MX", "CA", "US", "GL", "BM"]
    },
		"2": {
			"name": "Europe",
			"states": ["AT", "BE", "CZ", "FR", "DE", "GR", "HR", "HU", "IE", "IT", "NL", "NO", "DK", "RO", "AL", "AM", "BY", "LU", "BG", "EE", "GE", "IS", "LV", "LT", "MD", "PL", "PT", "RS", "SI", "BA", "ME", "MK", "SK", "ES", "FI", "SE", "CH", "TR", "CY", "UA", "XK", "MT", "FO", "AD", "LI", "GB"]
		},
		"3": {
			"name": "Africa and the Middle East",
			"states": ["QA", "SA", "AE", "SY", "OM", "KW", "PK", "AZ", "AF", "IR", "IQ", "PS", "JO", "LB", "YE", "TJ", "TM", "UZ", "KG", "NE", "AO", "EG", "TN", "GA", "DZ", "LY", "CG", "GQ", "BJ", "BW", "BF", "BI", "CM", "CF", "TD", "CI", "CD", "DJ", "ET", "GM", "GH", "GN", "GW", "KE", "LS", "LR", "MG", "MW", "ML", "MA", "MR", "MZ", "NA", "NG", "ER", "RW", "SN", "SL", "SO", "ZA", "SD", "SS", "SZ", "TZ", "TG", "UG", "EH", "ZM", "ZW", "RE", "KM", "SC", "MU", "CV", "IC", "ST", "YT"]
		},
		"4": {
			"name": "South Asia",
			"states": ["AU", "CN", "TW", "IN", "IL", "JP", "MY", "NP", "NZ", "TH", "BN", "VN", "LK", "SB", "FJ", "BD", "BT", "KH", "LA", "MM", "KP", "PG", "PH", "KR", "ID", "MV", "SG", "NC", "VU", "NR", "HK"]
		},
		"5": {
			"name": "North Asia",
			"states": ["MN", "RU", "KZ"]
		}
	}
}
